,order,id,date,time,title,url,visitCount,typedCount,transition
1030,1030,27090,8/18/2024,13:41:42,,https://www.google.com/search?q=lemon+in+japanese&oq=lemon+in+ja&gs_lcrp=EgZjaHJvbWUqBwgAEAAYgAQyBwgAEAAYgAQyBggBEEUYOTIHCAIQLhiABDIHCAMQABiABDIHCAQQABiABDIHCAUQABiABDIHCAYQABiABDIHCAcQABiABDIHCAgQABiABDIHCAkQABiABDIHCAoQABiABDIHCAsQABiABDIHCAwQABiABDIJCA0QABgKGIAEMggIDhAAGBYYHtIBCDkyMjdqMGo3qAIUsAIB&client=ms-android-samsung-rvo1&sourceid=chrome-mobile&ie=UTF-8,1,0,reload
1082,1082,27058,8/17/2024,22:21:50,,https://portal.ustraveldocs.com/confirmreceipt,3,0,form_submit
1083,1083,27058,8/17/2024,22:21:28,,https://portal.ustraveldocs.com/confirmreceipt,3,0,link
1084,1084,27060,8/17/2024,22:20:30,,https://portal.ustraveldocs.com/apex/alipaylanding?buyer_email=133****0629&buyer_id=2088022557990036&exterface=create_direct_pay_by_user&is_success=T&notify_id=RqPnCoPT3K9%252Fvwbh3IqDPR3wyuGKxHJmRodS6rUZMUgcyF1PZ6pFUwDPux33a%252FTa1vl8&notify_time=2024-08-18+10%3A20%3A26&notify_type=trade_status_sync&out_trade_no=730179425996708689381730&payment_type=1&seller_email=zla***%40cgifederal.com&seller_id=2088431886169851&subject=US+Visa+Fee+%E8%B5%B4%E7%BE%8E%E7%AD%BE%E8%AF%81%E8%B4%B9%E7%BC%B4%E8%B4%B9&total_fee=1369.00&trade_no=2024081822001490031418260622&trade_status=TRADE_SUCCESS&sign=903c811b417bbe0e625ee1b50109519a&sign_type=MD5,1,0,link
1087,1087,27066,8/17/2024,22:19:49,,https://portal.ustraveldocs.com/apex/AlipayRequest?quantity=01,1,0,link
1088,1088,27058,8/17/2024,22:17:29,,https://portal.ustraveldocs.com/confirmreceipt,3,0,link
1092,1092,27068,8/17/2024,22:08:47,,https://portal.ustraveldocs.com/selectdropboxquestions,15,0,form_submit
1093,1093,27068,8/17/2024,22:08:42,,https://portal.ustraveldocs.com/selectdropboxquestions,15,0,reload
1095,1095,27068,8/17/2024,22:08:18,,https://portal.ustraveldocs.com/selectdropboxquestions,15,0,form_submit
1096,1096,27068,8/17/2024,22:08:07,,https://portal.ustraveldocs.com/selectdropboxquestions,15,0,form_submit
1097,1097,27068,8/17/2024,22:06:48,,https://portal.ustraveldocs.com/selectdropboxquestions,15,0,form_submit
1098,1098,27068,8/17/2024,22:06:43,,https://portal.ustraveldocs.com/selectdropboxquestions,15,0,form_submit
1099,1099,27068,8/17/2024,22:06:19,,https://portal.ustraveldocs.com/selectdropboxquestions,15,0,form_submit
1100,1100,27068,8/17/2024,22:06:02,,https://portal.ustraveldocs.com/selectdropboxquestions,15,0,form_submit
1101,1101,27068,8/17/2024,22:05:13,,https://portal.ustraveldocs.com/selectdropboxquestions,15,0,form_submit
1102,1102,27068,8/17/2024,22:04:40,,https://portal.ustraveldocs.com/selectdropboxquestions,15,0,form_submit
1103,1103,27068,8/17/2024,22:04:35,,https://portal.ustraveldocs.com/selectdropboxquestions,15,0,form_submit
1104,1104,27068,8/17/2024,22:04:18,,https://portal.ustraveldocs.com/selectdropboxquestions,15,0,form_submit
1105,1105,27068,8/17/2024,22:04:09,,https://portal.ustraveldocs.com/selectdropboxquestions,15,0,form_submit
1106,1106,27068,8/17/2024,22:04:02,,https://portal.ustraveldocs.com/selectdropboxquestions,15,0,form_submit
1107,1107,27068,8/17/2024,22:03:59,,https://portal.ustraveldocs.com/selectdropboxquestions,15,0,form_submit
1108,1108,27068,8/17/2024,22:03:15,,https://portal.ustraveldocs.com/selectdropboxquestions,15,0,link
1109,1109,27069,8/17/2024,22:03:08,,https://portal.ustraveldocs.com/adddependents,1,0,link
1110,1110,27070,8/17/2024,22:03:06,,https://portal.ustraveldocs.com/updatedata,2,0,form_submit
1111,1111,27070,8/17/2024,21:48:42,,https://portal.ustraveldocs.com/updatedata,2,0,link
1112,1112,27071,8/17/2024,21:48:40,,https://portal.ustraveldocs.com/selectvisacode,2,0,form_submit
1113,1113,27071,8/17/2024,21:48:22,,https://portal.ustraveldocs.com/selectvisacode,2,0,link
1114,1114,27072,8/17/2024,21:48:20,,https://portal.ustraveldocs.com/selectvisacategory,2,0,form_submit
1117,1117,27072,8/17/2024,21:47:51,,https://portal.ustraveldocs.com/selectvisacategory,2,0,link
1118,1118,27075,8/17/2024,21:47:50,,https://portal.ustraveldocs.com/selectpost,2,0,form_submit
1119,1119,27075,8/17/2024,21:47:45,,https://portal.ustraveldocs.com/selectpost,2,0,link
1120,1120,27076,8/17/2024,21:47:44,,https://portal.ustraveldocs.com/selectvisatype,2,0,form_submit
1121,1121,27076,8/17/2024,21:47:28,,https://portal.ustraveldocs.com/selectvisatype,2,0,link
1122,1122,27077,8/17/2024,21:47:27,,https://portal.ustraveldocs.com/applicanthome,3,0,form_submit
1123,1123,27077,8/17/2024,21:46:33,,https://portal.ustraveldocs.com/applicanthome,3,0,form_submit
1124,1124,27077,8/17/2024,21:46:26,,https://portal.ustraveldocs.com/applicanthome,3,0,link
1125,1125,27081,8/17/2024,21:46:00,,https://portal.ustraveldocs.com/SiteRegister?country=China&language=en_US,1,0,link
1308,1308,24710,8/16/2024,11:14:15,,https://deepnote.com/workspace,2,0,link
1309,1309,24709,8/16/2024,11:14:13,,https://deepnote.com/auth/magic-link?magic_link_token=abe8a03a-506d-4601-a744-7f6b2b65b006&redirect_to=https%3A%2F%2Fdeepnote.com%2Fworkspace&source=landing-page,2,2,typed
1612,1612,26830,8/15/2024,14:51:34,,https://raw.githubusercontent.com/sean-jang/eventsim/main/10000.json,2,0,link
1634,1634,26830,8/15/2024,14:13:35,,https://raw.githubusercontent.com/sean-jang/eventsim/main/10000.json,2,0,link
1733,1733,26769,8/15/2024,8:55:29,,https://auth0.openai.com/u/login/identifier?state=hKFo2SA1MTZJbVJyakg1UXZNNnpueEJ2WmktX01zVkIwWXZ3d6Fur3VuaXZlcnNhbC1sb2dpbqN0aWTZIGVNRmpOZE9UTURxVWk1S2RBOC1PV2ZqUk02Qm9PUXVVo2NpZNkgVGRKSWNiZTE2V29USHROOTVueXl3aDVFNHlPbzZJdEc,1,0,link
2373,2373,26415,8/14/2024,8:15:33,,https://runawayhorse001.github.io/LearningApacheSpark/pyspark.pdf,1,0,link
3055,3055,26122,8/13/2024,11:26:24,,https://deepnote.com/auth/github-app-installation/callback?code=7d0ed1c542fe7c253a44&installation_id=53757787&setup_action=install&state=%7B%22token%22%3A%224b0bce73be29461%22%2C%22userId%22%3A%22ZGY2NjNmN2EtMjAwNC00ZmQ0LTliM2QtZmM3MDRmYjY5ZTZm%22%7D,1,0,link
3242,3242,26063,8/13/2024,1:02:59,,https://outlook.office365.com/owa/?state=1&redirectTo=aHR0cHM6Ly9vdXRsb29rLm9mZmljZTM2NS5jb20vbWFpbC9pbmJveC9pZC9BQVFrQURFeVl6SXhOR1ZpTFRRellqSXRORFJpTVMxaU16RTVMV0ptTkRRNVptUTJaamRsTmdBUUFFWlZuenNEOG5KT2c2aXhQQ1l1VStZPQ,1,0,link
4118,4118,25524,8/12/2024,8:54:40,,https://api.dictionaryapi.dev/api/v2/entries/en/sky,1,0,link
4539,4539,25354,8/10/2024,19:08:39,,https://api.dictionaryapi.dev/api/v2/entries/en/cloud,1,0,link
4541,4541,25350,8/10/2024,19:07:36,,https://api.dictionaryapi.dev/api/v2/entries/en/python,2,0,link
4547,4547,25351,8/10/2024,19:06:11,,https://api.dictionaryapi.dev/api/v2/entries/en/java,1,0,link
4549,4549,25350,8/10/2024,19:05:50,,https://api.dictionaryapi.dev/api/v2/entries/en/python,2,0,link
4552,4552,25349,8/10/2024,19:05:31,,https://api.dictionaryapi.dev/api/v1/entries/en/hello,1,1,typed
4772,4772,25293,8/10/2024,15:49:25,,https://api.dictionaryapi.dev/api/v2/entries/en/bliss,1,0,link
4868,4868,25251,8/9/2024,22:18:36,,https://api.dictionaryapi.dev/api/v2/entries/en/define,1,0,link
4872,4872,25250,8/9/2024,22:18:17,,https://dictionaryapi.dev/define,2,1,typed
4873,4873,25250,8/9/2024,22:18:10,,https://dictionaryapi.dev/define,2,1,typed
4897,4897,25245,8/9/2024,21:58:52,,https://cdn.jsdelivr.net/npm/bootstrap@5.1.3/dist/js/bootstrap.min.js,1,0,link
5610,5610,24826,8/7/2024,22:25:08,,https://www.office.com/?acctsw=1,1,0,form_submit
5618,5618,3215,8/7/2024,22:24:01,,https://mysignins.microsoft.com/api/post/registrationinterrupt,2,0,form_submit
6163,6163,24709,8/7/2024,11:55:23,,https://deepnote.com/auth/magic-link?magic_link_token=abe8a03a-506d-4601-a744-7f6b2b65b006&redirect_to=https%3A%2F%2Fdeepnote.com%2Fworkspace&source=landing-page,2,2,typed
6164,6164,24710,8/7/2024,11:55:23,,https://deepnote.com/workspace,2,0,typed
6165,6165,24711,8/7/2024,11:55:23,,https://deepnote.com/onboarding,1,0,typed
6166,6166,24708,8/7/2024,11:52:43,,https://deepnote.com/sign-up,2,0,link
6171,6171,24708,8/7/2024,11:52:08,,https://deepnote.com/sign-up,2,0,link
6942,6942,24387,8/5/2024,8:21:58,,https://auth0.openai.com/u/login/identifier?state=hKFo2SBkNS1yYS1sZFI0RzBGTDQzTmVjQVc1SWQ2eXA5aUhfVKFur3VuaXZlcnNhbC1sb2dpbqN0aWTZIFFtV196Z1FJRV9ZUWs0ekRaSHVfRXJ0djVEenFITGVuo2NpZNkgVGRKSWNiZTE2V29USHROOTVueXl3aDVFNHlPbzZJdEc,1,0,link
7441,7441,24175,8/3/2024,17:08:01,,https://replit.com/auth/close,1,0,link
7568,7568,24102,8/2/2024,18:29:19,,https://www.rfvxut.xyz:8888/13.html,1,0,link
7570,7570,24103,8/2/2024,18:29:12,,https://xrhf.taimei-t014.vip/,1,0,link
8780,8780,23233,8/1/2024,22:18:03,,https://camo.githubusercontent.com/98a28b177abe7fc569f4b5360db94d4d05700f73acf9357f046f36e5ed476aa9/68747470733a2f2f73747265616b2d73746174732e64656d6f6c61622e636f6d2f3f757365723d4a61726564546861636b6572267468656d653d746f6b796f6e696768742d64756f,1,0,link
10176,10176,22406,7/31/2024,14:10:35,,https://zipcode-3s-lab.s3.amazonaws.com/photo1.jpg,1,0,link
10428,10428,22292,7/30/2024,17:00:51,,https://regexer.com/,1,1,typed
12400,12400,21385,7/28/2024,14:24:05,,file:///Users/qian/Desktop/ZipCode/Python/FirstJupyterNotebook/museum_map.html,1,0,auto_toplevel
12489,12489,20323,7/27/2024,23:29:24,,https://www.google.com/search?q=%E7%8B%AE%E5%AD%90%E7%8C%AB%E7%8C%AB%E8%88%8D&oq=%E7%8B%AE%E5%AD%90%E7%8C%AB%E7%8C%AB%E8%88%8D&gs_lcrp=EgZjaHJvbWUyBggAEEUYOTIKCAEQABiABBiiBDIKCAIQABiABBiiBDIKCAMQABiABBiiBDIKCAQQABiABBiiBNIBCDE0MDVqMGo3qAIUsAIB&client=ms-android-samsung-rvo1&sourceid=chrome-mobile&ie=UTF-8#ip=1,1,0,reload
12799,12799,21207,7/26/2024,14:25:38,,https://www.geeksforgeeks.org/python-yield-keyword/,1,0,link
13053,13053,21064,7/25/2024,14:05:13,,https://auth0.openai.com/u/login/identifier?state=hKFo2SBGaFkyWk5lNm5FTDFORU1IUE9jMHBYTGFrZDVGbXN3NKFur3VuaXZlcnNhbC1sb2dpbqN0aWTZIEtRbUI1eGxranJMbmRlSmQtbzdScXhjck1IajRWZl9Eo2NpZNkgVGRKSWNiZTE2V29USHROOTVueXl3aDVFNHlPbzZJdEc,1,0,link
13396,13396,20937,7/24/2024,17:22:29,,https://nomore404pls.com/l2/?csum=fJbzzK_96dT1SJP4V1hni0BOf9IF5tNUedkbXoPuXIN79sO0Wg7CAtrLbAYNTV0xZ2iHRrDuZo4kA3gY-fYCtA%2C%2C&_subid=2kn0pfvdo83sm&_token=uuid_2kn0pfvdo83sm_2kn0pfvdo83sm66a170952ad5a2.08011932,1,0,link
13427,13427,20917,7/24/2024,16:49:41,,https://nomore404pls.com/l2/?csum=yPKZX5_bY6r94R_qFyOur7Qftowi1meOaIjS-98-QXN0HibRfnzseEAtme2OZU3b4DHgKY277RSYaGXBwdXB6g%2C%2C&_subid=2kn0pfvdo7f77&_token=uuid_2kn0pfvdo7f77_2kn0pfvdo7f7766a168e4a52dd8.15410948,1,0,link
14762,14762,20323,7/22/2024,8:53:20,,https://www.google.com/search?q=%E7%8B%AE%E5%AD%90%E7%8C%AB%E7%8C%AB%E8%88%8D&oq=%E7%8B%AE%E5%AD%90%E7%8C%AB%E7%8C%AB%E8%88%8D&gs_lcrp=EgZjaHJvbWUyBggAEEUYOTIKCAEQABiABBiiBDIKCAIQABiABBiiBDIKCAMQABiABBiiBDIKCAQQABiABBiiBNIBCDE0MDVqMGo3qAIUsAIB&client=ms-android-samsung-rvo1&sourceid=chrome-mobile&ie=UTF-8#ip=1,1,0,link
14855,14855,20280,7/22/2024,7:26:04,,https://www.lego.com/identity/callback#id_token=eyJhbGciOiJSUzI1NiIsImtpZCI6IjgxMzE3ODExNjE4OUZBRDNDQzBGMkNGNjI5NTc0RkY2IiwieDV0IjoidHNHemlzRWFWZDBoS3hPVFdZY2pmcXVFNWpRIiwidHlwIjoiSldUIn0.eyJpc3MiOiJodHRwczovL2lkZW50aXR5LmxlZ28uY29tIiwibmJmIjoxNzIxNjQ3NTY0LCJpYXQiOjE3MjE2NDc1NjQsImV4cCI6MTcyMTY0Nzg2NCwiYXVkIjoiMzE2YWQzNTItNjU3My00ZGYwLWI3MDctZTcyMzBhYjdlMGM3IiwiYW1yIjpbImV4dGVybmFsIl0sIm5vbmNlIjoiaTN4ZUlDQkctdUFNeThMZiIsImF0X2hhc2giOiJ2aGVTek4xR2JNZFN3WUk1MTBBd3VRIiwic2lkIjoiMUNGMUFDNkQzMjcyRjVCOUNEQjMwQzU5MjIzRkZBNTYiLCJzdWIiOiI5NTQ1MjIxOS1iZTY4LTRiYzYtOWMwZS0yNWEzOTY0MTkxZDkiLCJhdXRoX3RpbWUiOjE3MjE2NDc1NjQsImlkcCI6Imdvb2dsZSIsImVtYWlsIjoid2FuZ3FpYW45OTEwMDhAZ21haWwuY29tIiwiZG9iIjoiMTk5OS0xMC0wOCIsImFnZSI6MjQsIm5pY2tuYW1lIjoiUHJpbmNlTGVnZW5kYXJ5QnJhaW5zdGVpbjEwMyIsImNvdW50cnkiOiJVUyIsImVtYWlsX3ZlcmlmaWVkIjp0cnVlLCJpc2FkdWx0Ijp0cnVlLCJnaXZlbl9uYW1lIjoiUWlhbiIsImZhbWlseV9uYW1lIjoiV2FuZyIsImNvbnNlbnRzIjpbXSwicF9wZXJzb25hbGV4cCI6ZmFsc2UsInBfY29tbWVudGluZyI6ZmFsc2UsInBfcHVzaG5vdGlmaWNhdGlvbnMiOmZhbHNlLCJwX2NvbXBldGl0aW9uIjpmYWxzZSwicF91cGxvYWRtZWRpYSI6ZmFsc2UsInBfZnJpZW5kaW5nIjp0cnVlfQ.FpIYj9ouA0IVvDAbrPDvfy2ADPxGZVd81t7F89kSCxuGSCl5q_QBIYUCfAnOgmVxrpHcZjloYnKmprZxFSAcu7SVQNXeAkUQs5q4P7GDmtwU-QeGX0n5O5JfJGri1kKLRN467owyGevbzCGazNYzusg-zx8HE9nNFb2d5uXl0bIYm9JV0_BjrUFujov3OlHc_6Ehh70DtiTzm7TxZg4rUHejeJJrFLR2NBFaOw3DjgWg56AJKXHuUxCGC5lUYByF7923cZKcVDdEjVXU8uUeieaghstNAV9muhPHXjaAJHEdrXG-MacONgz1muMpXkqNwR4ZwX611DU_ih1fbkL8OA&access_token=eyJhbGciOiJSUzI1NiIsImtpZCI6IjgxMzE3ODExNjE4OUZBRDNDQzBGMkNGNjI5NTc0RkY2IiwieDV0IjoidHNHemlzRWFWZDBoS3hPVFdZY2pmcXVFNWpRIiwidHlwIjoiYXQrand0In0.eyJpc3MiOiJodHRwczovL2lkZW50aXR5LmxlZ28uY29tIiwibmJmIjoxNzIxNjQ3NTY0LCJpYXQiOjE3MjE2NDc1NjQsImV4cCI6MTcyMTY1MTE2NCwic2NvcGUiOlsib3BlbmlkIiwiZW1haWwiLCJwcm9maWxlIiwiZG9iIl0sImFtciI6WyJleHRlcm5hbCJdLCJjbGllbnRfaWQiOiIzMTZhZDM1Mi02NTczLTRkZjAtYjcwNy1lNzIzMGFiN2UwYzciLCJzdWIiOiI5NTQ1MjIxOS1iZTY4LTRiYzYtOWMwZS0yNWEzOTY0MTkxZDkiLCJhdXRoX3RpbWUiOjE3MjE2NDc1NjQsImlkcCI6Imdvb2dsZSIsImNvbnNlbnRzIjpbXSwicF9wZXJzb25hbGV4cCI6ZmFsc2UsInBfY29tbWVudGluZyI6ZmFsc2UsInBfcHVzaG5vdGlmaWNhdGlvbnMiOmZhbHNlLCJwX2NvbXBldGl0aW9uIjpmYWxzZSwicF91cGxvYWRtZWRpYSI6ZmFsc2UsInBfZnJpZW5kaW5nIjp0cnVlLCJkZXZpY2VmaW5nZXJwcmludCI6ImFjYThlZTQ2MTllMGE5MmZkZWYyNTgwMDQwNGU2YTAxOkFuZHJvaWQ6MTA6Oks6Q2hyb21lOjEyNiIsInNpZCI6IjFDRjFBQzZEMzI3MkY1QjlDREIzMEM1OTIyM0ZGQTU2In0.ZUp6bIU0wew8FTu_WEY1961mFoXDkw0kPMH9J9yefZ6t01QHPqVdhOJnzo1465SNfE8JrpkOQoE8DLJB6o_etwQdCNdUPca6Zksd6Ao-ar4S-9JUdluBhkSjSJMddS9PMC-y0GprVFYwvfyimMgQZBOAK8Q5r4SztgoYR-Yi2_O137pMxpYcKYRujddZrUaQwPH77SJgmz1TqtqUa_FLFIDncq1UvreaJ0IhPVYgKSm-t4GY8X8_vTuV1eqDgQR1CgNjDAomQYpAXpLRveEAooVDzPxy9kXI1QYrT3n4c738pE9iA-X52nWPOzIJCN1-AdQ0CV5CcvcZqVZAdjMxPw&token_type=Bearer&expires_in=3600&scope=openid%20email%20profile%20dob&state=eDqkWe9dmH2bfA4i&session_state=zQWrDdoeRN4bOmak4uBSpgxEi9Q0c40Sr9MwKYzeTMg.9A0BF59E898BA523AB516DA20F7B9456,2,0,link
14856,14856,20280,7/22/2024,7:26:04,,https://www.lego.com/identity/callback#id_token=eyJhbGciOiJSUzI1NiIsImtpZCI6IjgxMzE3ODExNjE4OUZBRDNDQzBGMkNGNjI5NTc0RkY2IiwieDV0IjoidHNHemlzRWFWZDBoS3hPVFdZY2pmcXVFNWpRIiwidHlwIjoiSldUIn0.eyJpc3MiOiJodHRwczovL2lkZW50aXR5LmxlZ28uY29tIiwibmJmIjoxNzIxNjQ3NTY0LCJpYXQiOjE3MjE2NDc1NjQsImV4cCI6MTcyMTY0Nzg2NCwiYXVkIjoiMzE2YWQzNTItNjU3My00ZGYwLWI3MDctZTcyMzBhYjdlMGM3IiwiYW1yIjpbImV4dGVybmFsIl0sIm5vbmNlIjoiaTN4ZUlDQkctdUFNeThMZiIsImF0X2hhc2giOiJ2aGVTek4xR2JNZFN3WUk1MTBBd3VRIiwic2lkIjoiMUNGMUFDNkQzMjcyRjVCOUNEQjMwQzU5MjIzRkZBNTYiLCJzdWIiOiI5NTQ1MjIxOS1iZTY4LTRiYzYtOWMwZS0yNWEzOTY0MTkxZDkiLCJhdXRoX3RpbWUiOjE3MjE2NDc1NjQsImlkcCI6Imdvb2dsZSIsImVtYWlsIjoid2FuZ3FpYW45OTEwMDhAZ21haWwuY29tIiwiZG9iIjoiMTk5OS0xMC0wOCIsImFnZSI6MjQsIm5pY2tuYW1lIjoiUHJpbmNlTGVnZW5kYXJ5QnJhaW5zdGVpbjEwMyIsImNvdW50cnkiOiJVUyIsImVtYWlsX3ZlcmlmaWVkIjp0cnVlLCJpc2FkdWx0Ijp0cnVlLCJnaXZlbl9uYW1lIjoiUWlhbiIsImZhbWlseV9uYW1lIjoiV2FuZyIsImNvbnNlbnRzIjpbXSwicF9wZXJzb25hbGV4cCI6ZmFsc2UsInBfY29tbWVudGluZyI6ZmFsc2UsInBfcHVzaG5vdGlmaWNhdGlvbnMiOmZhbHNlLCJwX2NvbXBldGl0aW9uIjpmYWxzZSwicF91cGxvYWRtZWRpYSI6ZmFsc2UsInBfZnJpZW5kaW5nIjp0cnVlfQ.FpIYj9ouA0IVvDAbrPDvfy2ADPxGZVd81t7F89kSCxuGSCl5q_QBIYUCfAnOgmVxrpHcZjloYnKmprZxFSAcu7SVQNXeAkUQs5q4P7GDmtwU-QeGX0n5O5JfJGri1kKLRN467owyGevbzCGazNYzusg-zx8HE9nNFb2d5uXl0bIYm9JV0_BjrUFujov3OlHc_6Ehh70DtiTzm7TxZg4rUHejeJJrFLR2NBFaOw3DjgWg56AJKXHuUxCGC5lUYByF7923cZKcVDdEjVXU8uUeieaghstNAV9muhPHXjaAJHEdrXG-MacONgz1muMpXkqNwR4ZwX611DU_ih1fbkL8OA&access_token=eyJhbGciOiJSUzI1NiIsImtpZCI6IjgxMzE3ODExNjE4OUZBRDNDQzBGMkNGNjI5NTc0RkY2IiwieDV0IjoidHNHemlzRWFWZDBoS3hPVFdZY2pmcXVFNWpRIiwidHlwIjoiYXQrand0In0.eyJpc3MiOiJodHRwczovL2lkZW50aXR5LmxlZ28uY29tIiwibmJmIjoxNzIxNjQ3NTY0LCJpYXQiOjE3MjE2NDc1NjQsImV4cCI6MTcyMTY1MTE2NCwic2NvcGUiOlsib3BlbmlkIiwiZW1haWwiLCJwcm9maWxlIiwiZG9iIl0sImFtciI6WyJleHRlcm5hbCJdLCJjbGllbnRfaWQiOiIzMTZhZDM1Mi02NTczLTRkZjAtYjcwNy1lNzIzMGFiN2UwYzciLCJzdWIiOiI5NTQ1MjIxOS1iZTY4LTRiYzYtOWMwZS0yNWEzOTY0MTkxZDkiLCJhdXRoX3RpbWUiOjE3MjE2NDc1NjQsImlkcCI6Imdvb2dsZSIsImNvbnNlbnRzIjpbXSwicF9wZXJzb25hbGV4cCI6ZmFsc2UsInBfY29tbWVudGluZyI6ZmFsc2UsInBfcHVzaG5vdGlmaWNhdGlvbnMiOmZhbHNlLCJwX2NvbXBldGl0aW9uIjpmYWxzZSwicF91cGxvYWRtZWRpYSI6ZmFsc2UsInBfZnJpZW5kaW5nIjp0cnVlLCJkZXZpY2VmaW5nZXJwcmludCI6ImFjYThlZTQ2MTllMGE5MmZkZWYyNTgwMDQwNGU2YTAxOkFuZHJvaWQ6MTA6Oks6Q2hyb21lOjEyNiIsInNpZCI6IjFDRjFBQzZEMzI3MkY1QjlDREIzMEM1OTIyM0ZGQTU2In0.ZUp6bIU0wew8FTu_WEY1961mFoXDkw0kPMH9J9yefZ6t01QHPqVdhOJnzo1465SNfE8JrpkOQoE8DLJB6o_etwQdCNdUPca6Zksd6Ao-ar4S-9JUdluBhkSjSJMddS9PMC-y0GprVFYwvfyimMgQZBOAK8Q5r4SztgoYR-Yi2_O137pMxpYcKYRujddZrUaQwPH77SJgmz1TqtqUa_FLFIDncq1UvreaJ0IhPVYgKSm-t4GY8X8_vTuV1eqDgQR1CgNjDAomQYpAXpLRveEAooVDzPxy9kXI1QYrT3n4c738pE9iA-X52nWPOzIJCN1-AdQ0CV5CcvcZqVZAdjMxPw&token_type=Bearer&expires_in=3600&scope=openid%20email%20profile%20dob&state=eDqkWe9dmH2bfA4i&session_state=zQWrDdoeRN4bOmak4uBSpgxEi9Q0c40Sr9MwKYzeTMg.9A0BF59E898BA523AB516DA20F7B9456,2,0,link
14863,14863,20275,7/22/2024,7:25:37,,https://identity.lego.com/login?ReturnUrl=%2Fconnect%2Fauthorize%2Fcallback%3FappContext%3Dfalse%26adultexperience%3Dtrue%26hideheader%3Dtrue%26scope%3Dopenid%2520email%2520profile%2520dob%26response_type%3Did_token%2520token%26client_id%3D316ad352-6573-4df0-b707-e7230ab7e0c7%26redirect_uri%3Dhttps%253A%252F%252Fwww.lego.com%252Fidentity%252Fcallback%26ui_locales%3Den-US%26state%3DeDqkWe9dmH2bfA4i%26nonce%3Di3xeICBG-uAMy8Lf,1,0,link
15608,15608,20014,7/19/2024,16:18:21,,https://weblogin.albany.edu/idp2/profile/SAML2/Redirect/SSO?SAMLRequest=jdG9boMwEADgvVLfAXkHGwPBWBApapdI6ZK0HbpUxhwJEtjUZ6r27es0ipqx2%2f3opO%2fu6s3iT2YPHwugj7aPDUE1je6Sv%2btSZxXv%2bkKwMs%2bhrVhWpKLQKcvSXomWRK%2fgcLCmITxhJNoiLrA16JXxocR4HrMyTqtnzmQqJE8TzthKFNkbiTaI4HyYfbAGlwncAdznoOFlv2vIyfsZJaWtG44nj7PSkKixVeY7gW6hHR%2fpOFMV7HS0x8HQs3p3jpLQI9HXNBpsyOKMtAoHlEZNgNJredg87WTAytlZb7Udyfr%2bLorqX7r7z6C6wsn6yuQZ78o8hbgSVRHnbZ%2fFLc%2b7mK9aAeWqF2VRJh5MOAsmtztpO%2f3Ra3pBBFBNb%2f%2by%2fgE%3d,1,0,link
15627,15627,20003,7/19/2024,16:17:08,,https://weblogin.albany.edu/idp2/profile/SAML2/Redirect/SSO?SAMLRequest=jdG9boMwEADgvVLfAXkHY2MCWBApapdI6ZK0HbpUxhwJEtjUZ6r27es0ipqx2%2f3opO%2fu6s3iT2YPHwugj7aPDUE1je6Sv3OW532XVqoXIMqeqxJAc6W7CoTOekaiV3A4WNMQnqQk2iIusDXolfGhlHIRp0XMqmeeSlbItExYVqWM8zcSbRDB%2bTD7YA0uE7gDuM9Bw8t%2b15CT9zNKSls3HE8eZ6UhUWOrzHcC3UI7PtJxpirY6WiPg6Fn9e4cJaFHoq9pNNiQxRlpFQ4ojZoApdfysHnayYCVs7PeajuS9f1dFNW%2fdPefQXWFk%2fWVyTPeFYJBXJVVHou2z%2bKWiy7mq7aEYtWXRV4kHkw4Cya3O2k7%2fdFrekEEUE1v%2f7L%2bAQ%3d%3d,1,0,link
15901,15901,19908,7/19/2024,12:11:39,,https://www.hackerrank.com/hackers/auth/google_oauth2/callback?state=71a20a973e638cf3fb4c69cc297fbc3edff287ed9d01bc06&code=4%2F0AcvDMrCnmwpw-pTdGQH6neuzsz2QWGs9r2SumU_g9HzBhQwjowicvCCvQM2kj-aiyz_I_w&scope=email+profile+https%3A%2F%2Fwww.googleapis.com%2Fauth%2Fuserinfo.profile+https%3A%2F%2Fwww.googleapis.com%2Fauth%2Fuserinfo.email+openid&authuser=1&prompt=none,1,0,link
16320,16320,19766,7/18/2024,20:45:19,,https://www.paypal.com/checkoutnow?atomic-event-state=eyJkb21haW4iOiJwYXlwYWwtd2ViLXY1LXNkayIsImV2ZW50cyI6W10sImludGVudCI6ImNsaWNrX3BheW1lbnRfYnV0dG9uIiwiaW50ZW50VHlwZSI6ImNsaWNrIiwiaW50ZXJhY3Rpb25TdGFydFRpbWUiOjQ2NTQuNSwidGltZVN0YW1wIjo0NjU1LCJ0aW1lT3JpZ2luIjoxNzIxMzQ5OTEyNjQwLjMsInRhc2siOiJzZWxlY3Rfb25lX3RpbWVfY2hlY2tvdXQiLCJmbG93Ijoib25lLXRpbWUtY2hlY2tvdXQiLCJ1aVN0YXRlIjoid2FpdGluZyIsInBhdGgiOiIvc21hcnQvYnV0dG9ucyIsInZpZXdOYW1lIjoicGF5cGFsLXNkayJ9&sessionID=uid_6d9e399196_mda6ndu6mti&buttonSessionID=uid_46b59e6942_mda6ndu6mti&stickinessID=uid_27c7a305d9_mda6ndq6ndk&smokeHash=&sign_out_user=false&fundingSource=paypal&buyerCountry=US&locale.x=en_US&commit=false&client-metadata-id=uid_6d9e399196_mda6ndu6mti&standaloneFundingSource=paypal&branded=true&clientID=AU2TpxRlO0GJKQYp73L2RI0j-M6ySSJRo_3_yfRT3VW-KrXxnfF_YZR_RCLMpfAh0LL5kyoF2poYDp6w&env=production&sdkMeta=eyJ1cmwiOiJodHRwczovL3d3dy5wYXlwYWwuY29tL3Nkay9qcz9jb21wb25lbnRzPWJ1dHRvbnMmY3VycmVuY3k9VVNEJmludGVudD1jYXB0dXJlJmNvbW1pdD1mYWxzZSZ2YXVsdD1mYWxzZSZjbGllbnQtaWQ9QVUyVHB4UmxPMEdKS1FZcDczTDJSSTBqLU02eVNTSlJvXzNfeWZSVDNWVy1Lclh4bmZGX1laUl9SQ0xNcGZBaDBMTDVreW9GMnBvWURwNnciLCJhdHRycyI6eyJkYXRhLXVpZCI6InVpZF9xdnJ6ZmFxYWN4eHFzeHRpc2drdXNodm9td2VqaHcifX0&xcomponent=1&version=5.0.451&token=EC-3CD534551H015202H,1,0,link
17340,17340,19426,7/17/2024,17:24:24,,http://localhost:8000/,1,1,typed
17344,17344,19415,7/17/2024,17:20:40,,http://[::]:8000/page.py,6,0,link
17348,17348,19415,7/17/2024,17:20:12,,http://[::]:8000/page.py,6,0,link
17353,17353,19418,7/17/2024,17:19:51,,http://[::]:8000/app.py,2,0,link
17355,17355,19415,7/17/2024,17:17:31,,http://[::]:8000/page.py,6,0,link
17357,17357,19415,7/17/2024,17:17:14,,http://[::]:8000/page.py,6,0,link
17374,17374,19418,7/17/2024,17:07:37,,http://[::]:8000/app.py,2,0,link
17376,17376,19415,7/17/2024,17:06:42,,http://[::]:8000/page.py,6,0,link
17382,17382,19415,7/17/2024,17:06:28,,http://[::]:8000/page.py,6,0,link
18833,18833,18674,7/17/2024,0:38:16,,https://auth0.openai.com/u/login/identifier?state=hKFo2SBVdWR2RHRZbHJHOXhoVFJRelAyWWd0YTdPLWlQSTA1TaFur3VuaXZlcnNhbC1sb2dpbqN0aWTZIHR2ZTJOLUJwX0NueVFCbmhhcFhjMlRkUnBsRFItVm5Uo2NpZNkgVGRKSWNiZTE2V29USHROOTVueXl3aDVFNHlPbzZJdEc,1,0,link
19908,19908,18130,7/15/2024,10:12:16,,https://auth0.openai.com/u/login/identifier?state=hKFo2SBMeElWQURNMEE4UklPbFZiWVFpUXhZWENteFpfcVp2b6Fur3VuaXZlcnNhbC1sb2dpbqN0aWTZIFpQVlgtMEZ4M1RyckxkanItN1pMYkxPcHY3WC1PWTNlo2NpZNkgVGRKSWNiZTE2V29USHROOTVueXl3aDVFNHlPbzZJdEc,1,0,link
20006,20006,18077,7/14/2024,23:25:51,,https://jx3.xoyo.com/launcher/update/latest.html,1,0,link
20152,20152,17947,7/14/2024,13:33:45,,https://tools.usps.com/go/TrackConfirmAction.action?tLabels=9400111205867406803674,2,0,reload
20153,20153,17947,7/14/2024,13:33:40,,https://tools.usps.com/go/TrackConfirmAction.action?tLabels=9400111205867406803674,2,0,form_submit
20155,20155,17949,7/14/2024,13:33:39,,https://outlook.office.com/mail/safelink.html?url=https%3A%2F%2Ftools.usps.com%2Fgo%2FTrackConfirmAction.action%3FtLabels%3D9400111205867406803674&locale=zh-CN&wau=https%3A%2F%2FNAM02.safelinks.protection.outlook.com%2FGetUrlReputation&wid=00730A1A-3310-48BA-AB07-9EC288151649&corid=c16d1bb3-6a86-4cd6-e08e-b56db5974eeb&srcid=cb1631fc-ef95-4faf-34c8-08dca11c8419&appname=Microsoft+Outlook+Web+App&appver=20240614008.12&os=Windows+11&scdt=2024-07-10T20%3A11%3A29.000Z&pc=5wvtDTsfg4PIAHtLVHTce5%252fzcicG0XRBiHklXFu7u8MzSXBF4tihwFMin4RkKFXS931l7cnIDx8NyosnQxpFcmH7pURbbKNg6wOv%252fjU5sA0vB7GaF3LUv8QS5XIyh29MrDzTrbPjEWKz%252b5iwl3Jbv4vmWlNl4u%252bKdh9p3l8v89WVG7B8B%252f6LcnXsdOUiA12DGZ7XOCZuhtVWSzqsGL74wK19Tr8%252fQcXm1A9VJ6VhInvG8uCbBIEycgS3SFdFdkOiAmpOsMdFCWIT3yN8j9f5FUdlqbvkjoWsvmOepJKWv2TuqJVWy94zexjSammFBJu6clkY5z7MAZ%252bazfaSJfZ0uf0EMIbrmsm1ccnXhMKdPK1xib4nbwccTgm31KYNMi3NLGpsU5OLL%252bIAm8nLTje%252bj%252bIEZYmudQE0C%252fBzEfr4wcnaZMhnumI3unUFlQp2hCWk%252bT%252bh%252fdqpBE4BGay9%252fARcb7r0yhiYsEjh297i1BaRdUjYD3Omb0IJv3CzR4DHM5WMH177C9w8Zq6JtxhkpwPe2gVrgHTghVmJbZVx1jf5zFR17zt7EUtXZ1CalqSKF5qQZdkw5p%252fhtlCRBJxcigzWc5ag13nR9%252fx3uM4PHoKDqGy%252b5Bk%252fxyzqDeYcGwI5kEzU5wluzfuc5mx04WjqAplG5Xu7ZbmRO36iaZCPMWEvQO%252bK%252f%252bEej9zHGGEiWErMga3gmEw8XZ6TKULk1YBg3DYQi0skDiXrh%252bYbQmEj0ioVXsJt98SxlDS7fcsw%252f1imHk%252bI67rMKhcUzKirb%252fDu8%252fSHRnxMRYqHIZGZm4A4g2r02Xj3o3hzN%252fzDgwYKle2O0G76evStG7QQw4MfvnM5SbZpV5oIfpJRsJQ6F3Lgc%252fpUKBmc0eLU%252bwdyy08ijRNWFnUN1Q3n7VRYuqN2BVlEIEfe55XKzyZroezFEJYTdXD1nAVjNUZWSNY%252bmcg2iUEGaDcn0eESM9gV3dxfytAy2rXvs7FdXpuSFY3xd4RkhrUbgdW2NUssCSVemQoH13%252bFI5nEXtqIeKaScKwEh2bXuirldrAobVM7jL4InQcIMv0yzL1SjUWiLVkygII61QqjGYUdGx%252b8vNPRhHPTRTANMbADdvXJyBZw8A%252fbTmPHNUQFhOTHfN%252fI8I4Z3vuPc01d%252b9XkmzjOAW3T75IDkEtQvjtkGMRZmzY7tLRnpWgZjgQ8ks0yN7ZgjMd12hWGF8hGAKBMoZapLta%252f9AjXqKCXNeWNNyNn8UMOdbzn%252bG5WKnorW2qgj8nNfD8lDwJ%252fRZPuNUi1C4BqP0CXTqQdndcJFwQKNSCaaJ2yg4fTNLuWYChThtdL50MtTYychSk7ngR68Eo5ZDGO6TlIiwKUJrLm4Yk0YN70WPRMpjLq43EwmzVvluP7qM6MootE1l6lUC5yAssQ%3B+expires%3DTue%2C+16+Jul+2024+17%3A31%3A56+GMT%3B+path%3D%2F%3B+SameSite%3DNone%3B+secure%3B+httponly&urlsrc=Body&msgdata=eyJJc1VybEJlaW5nU2Nhbm5lZCI6IiIsIlVybFdyaXRlVGltZSI6IjcvMTAvMjAyNCA4OjExOjQ0IFBNIiwiQVNEaXJlY3Rpb25hbGl0eSI6IjEiLCJQaGlzaEVkdSI6IjAiLCJNc2dTY2FuU3VzcGljaW9uTGV2ZWwiOiIwIn0%3D,1,0,link
21262,21262,17449,7/11/2024,19:58:32,,https://identity.lego.com/en-US/newexternallogin?returnurl=%2fconnect%2fauthorize%2fcallback%3fappContext%3dfalse%26adultexperience%3dtrue%26hideheader%3dtrue%26scope%3dopenid%2520email%2520profile%2520dob%26response_type%3did_token%2520token%26client_id%3d316ad352-6573-4df0-b707-e7230ab7e0c7%26redirect_uri%3dhttps%253A%252F%252Fwww.lego.com%252Fidentity%252Fcallback%26ui_locales%3den-US%26state%3dJ6oV-daHoU1n-ScI%26nonce%3dxrwdPDffxQSJ3587&clientid=316ad352-6573-4df0-b707-e7230ab7e0c7&culture=en-US&adultexperience=true&hideheader=true&provider=google&externalstate=CfDJ8HA%2bUSnM73JIpk83W7ZZMWhQFCLEydZKHKNvOOiAXVs3hXQtiALS7XHpBT%2b1DDOoZ1EJJ0aEhxXOTuzqJaIyL6PY8ZRt7zvQhUjnigmYRvNTgYy3T5vNEtB2%2bjCNcEvorKhS3mz7WW17ic%2fdrhx4R0zHvi8dHHf%2fQCSgyKYDD9Ibn5YktllH%2fxxosY2kwbsjIRVwznVqZ6ZDCBT8cLaUlmkj%2bsXXttuOPXVrkfRngv1e&hideexternallogin=True#email=wangqian991008%40gmail.com&givenname=Qian&familyname=Wang,1,0,link
21269,21269,17440,7/11/2024,19:58:26,,https://identity.lego.com/login?ReturnUrl=%2Fconnect%2Fauthorize%2Fcallback%3FappContext%3Dfalse%26adultexperience%3Dtrue%26hideheader%3Dtrue%26scope%3Dopenid%2520email%2520profile%2520dob%26response_type%3Did_token%2520token%26client_id%3D316ad352-6573-4df0-b707-e7230ab7e0c7%26redirect_uri%3Dhttps%253A%252F%252Fwww.lego.com%252Fidentity%252Fcallback%26ui_locales%3Den-US%26state%3DJ6oV-daHoU1n-ScI%26nonce%3DxrwdPDffxQSJ3587,1,0,link
21280,21280,17433,7/11/2024,19:44:13,,https://identity.lego.com/en-US/login?returnurl=%2fconnect%2fauthorize%2fcallback%3fappContext%3dfalse%26adultexperience%3dtrue%26hideheader%3dtrue%26scope%3dopenid%2520email%2520profile%2520dob%26response_type%3did_token%2520token%26client_id%3d316ad352-6573-4df0-b707-e7230ab7e0c7%26redirect_uri%3dhttps%253A%252F%252Fwww.lego.com%252Fidentity%252Fcallback%26ui_locales%3den-US%26state%3deXgKVur0C8Pcwk-i%26nonce%3dnx-TbAcUAYz0RG5u&clientid=316ad352-6573-4df0-b707-e7230ab7e0c7&culture=en-US&adultexperience=true&hideheader=true#error=eyJ1c2VybmFtZSI6IndhbmdxaWFuOTkxMDA4IiwicmVtZW1iZXJNZSI6dHJ1ZSwiZXJyb3JzIjpbImludmFsaWRfbG9naW4iXX0%3d,1,0,form_submit
21286,21286,17428,7/11/2024,19:43:50,,https://identity.lego.com/login?ReturnUrl=%2Fconnect%2Fauthorize%2Fcallback%3FappContext%3Dfalse%26adultexperience%3Dtrue%26hideheader%3Dtrue%26scope%3Dopenid%2520email%2520profile%2520dob%26response_type%3Did_token%2520token%26client_id%3D316ad352-6573-4df0-b707-e7230ab7e0c7%26redirect_uri%3Dhttps%253A%252F%252Fwww.lego.com%252Fidentity%252Fcallback%26ui_locales%3Den-US%26state%3DeXgKVur0C8Pcwk-i%26nonce%3Dnx-TbAcUAYz0RG5u,1,0,link
21303,21303,17420,7/11/2024,19:42:37,,https://identity.lego.com/en-US/login?externalstate=CfDJ8HA%2bUSnM73JIpk83W7ZZMWjaesR4JkXgzq667acQpZAcMJsKJpM41yH78el0yWB90sBgTyZCaOhToSD4Mi0QO7w52CP1xBz7Dv4HD%2fGzWJAWrdXZB595mUcq0Y5OZl4rOcXtc4ohWuBZSD0MgrlOMQbMgsBl6eg4BXk%2bjUhYImp5AcRYHNMBDk6bQCiH%2bl%2fcQmPiV2mkpOHRYiG5IQLkcE7DCclFHuJ9oq1xAxOahzwE&provider=google&returnurl=%2fconnect%2fauthorize%2fcallback%3fappContext%3dfalse%26adultexperience%3dtrue%26hideheader%3dtrue%26scope%3dopenid%2520email%2520profile%2520dob%26response_type%3did_token%2520token%26client_id%3d316ad352-6573-4df0-b707-e7230ab7e0c7%26redirect_uri%3dhttps%253A%252F%252Fwww.lego.com%252Fidentity%252Fcallback%26ui_locales%3den-US%26state%3dKknXJXrOxHxzvk2b%26nonce%3dc3sJvY7i6QLFAvFW&clientid=316ad352-6573-4df0-b707-e7230ab7e0c7&culture=en-US&adultexperience=true&hideheader=true&hideexternallogin=true#error=eyJ1c2VybmFtZSI6IndhbmdxaWFuOTkxMDA4QGdtYWlsLmNvbSIsInJlbWVtYmVyTWUiOnRydWUsImVycm9ycyI6WyJpbnZhbGlkX2xvZ2luIl19,1,0,form_submit
21308,21308,17415,7/11/2024,19:41:30,,https://click.e.crm.lego.com/expired.html,1,0,link
21319,21319,17403,7/11/2024,19:38:55,,https://identity.lego.com/en-US/newexternallogin?returnurl=%2fconnect%2fauthorize%2fcallback%3fappContext%3dfalse%26adultexperience%3dtrue%26hideheader%3dtrue%26scope%3dopenid%2520email%2520profile%2520dob%26response_type%3did_token%2520token%26client_id%3d316ad352-6573-4df0-b707-e7230ab7e0c7%26redirect_uri%3dhttps%253A%252F%252Fwww.lego.com%252Fidentity%252Fcallback%26ui_locales%3den-US%26state%3dKknXJXrOxHxzvk2b%26nonce%3dc3sJvY7i6QLFAvFW&clientid=316ad352-6573-4df0-b707-e7230ab7e0c7&culture=en-US&adultexperience=true&hideheader=true&provider=google&externalstate=CfDJ8HA%2bUSnM73JIpk83W7ZZMWjaesR4JkXgzq667acQpZAcMJsKJpM41yH78el0yWB90sBgTyZCaOhToSD4Mi0QO7w52CP1xBz7Dv4HD%2fGzWJAWrdXZB595mUcq0Y5OZl4rOcXtc4ohWuBZSD0MgrlOMQbMgsBl6eg4BXk%2bjUhYImp5AcRYHNMBDk6bQCiH%2bl%2fcQmPiV2mkpOHRYiG5IQLkcE7DCclFHuJ9oq1xAxOahzwE&hideexternallogin=True#email=wangqian991008%40gmail.com&givenname=Qian&familyname=Wang,1,0,form_submit
21327,21327,17412,7/11/2024,19:38:35,,https://identity.lego.com/register?returnUrl=%2Fconnect%2Fauthorize%2Fcallback%3FappContext%3Dfalse%26adultexperience%3Dtrue%26hideheader%3Dtrue%26scope%3Dopenid%2520email%2520profile%2520dob%26response_type%3Did_token%2520token%26client_id%3D316ad352-6573-4df0-b707-e7230ab7e0c7%26redirect_uri%3Dhttps%253A%252F%252Fwww.lego.com%252Fidentity%252Fcallback%26ui_locales%3Den-US%26state%3DKknXJXrOxHxzvk2b%26nonce%3Dc3sJvY7i6QLFAvFW,1,0,link
21337,21337,17380,7/11/2024,18:36:15,,https://www.lego.com/identity/callback?error=access_denied&state=ItYzAibNABLiXg0m#reason=cancel,4,0,link
21338,21338,17380,7/11/2024,18:36:14,,https://www.lego.com/identity/callback?error=access_denied&state=ItYzAibNABLiXg0m#reason=cancel,4,0,link
21341,21341,17380,7/11/2024,18:36:08,,https://www.lego.com/identity/callback?error=access_denied&state=ItYzAibNABLiXg0m#reason=cancel,4,0,link
21342,21342,17380,7/11/2024,18:36:08,,https://www.lego.com/identity/callback?error=access_denied&state=ItYzAibNABLiXg0m#reason=cancel,4,0,link
21346,21346,17383,7/11/2024,18:36:03,,https://identity.lego.com/en-US/login?returnurl=%2fconnect%2fauthorize%2fcallback%3fappContext%3dfalse%26adultexperience%3dtrue%26hideheader%3dtrue%26scope%3dopenid%2520email%2520profile%2520dob%26response_type%3did_token%2520token%26client_id%3d316ad352-6573-4df0-b707-e7230ab7e0c7%26redirect_uri%3dhttps%253A%252F%252Fwww.lego.com%252Fidentity%252Fcallback%26ui_locales%3den-US%26state%3dItYzAibNABLiXg0m%26nonce%3dik3mhplfMze3FnLe&clientid=316ad352-6573-4df0-b707-e7230ab7e0c7&culture=en-US&adultexperience=true&hideheader=true#error=eyJ1c2VybmFtZSI6IndhbmdxaWFuOTkxMDA4QGdtYWlsLmNvbSIsInJlbWVtYmVyTWUiOnRydWUsImVycm9ycyI6WyJpbnZhbGlkX2xvZ2luIl19,2,0,form_submit
21349,21349,17383,7/11/2024,18:35:51,,https://identity.lego.com/en-US/login?returnurl=%2fconnect%2fauthorize%2fcallback%3fappContext%3dfalse%26adultexperience%3dtrue%26hideheader%3dtrue%26scope%3dopenid%2520email%2520profile%2520dob%26response_type%3did_token%2520token%26client_id%3d316ad352-6573-4df0-b707-e7230ab7e0c7%26redirect_uri%3dhttps%253A%252F%252Fwww.lego.com%252Fidentity%252Fcallback%26ui_locales%3den-US%26state%3dItYzAibNABLiXg0m%26nonce%3dik3mhplfMze3FnLe&clientid=316ad352-6573-4df0-b707-e7230ab7e0c7&culture=en-US&adultexperience=true&hideheader=true#error=eyJ1c2VybmFtZSI6IndhbmdxaWFuOTkxMDA4QGdtYWlsLmNvbSIsInJlbWVtYmVyTWUiOnRydWUsImVycm9ycyI6WyJpbnZhbGlkX2xvZ2luIl19,2,0,form_submit
21352,21352,17387,7/11/2024,18:35:38,,https://identity.lego.com/login?ReturnUrl=%2Fconnect%2Fauthorize%2Fcallback%3FappContext%3Dfalse%26adultexperience%3Dtrue%26hideheader%3Dtrue%26scope%3Dopenid%2520email%2520profile%2520dob%26response_type%3Did_token%2520token%26client_id%3D316ad352-6573-4df0-b707-e7230ab7e0c7%26redirect_uri%3Dhttps%253A%252F%252Fwww.lego.com%252Fidentity%252Fcallback%26ui_locales%3Den-US%26state%3DItYzAibNABLiXg0m%26nonce%3Dik3mhplfMze3FnLe,1,0,link
21686,21686,17246,7/11/2024,8:35:30,,https://www.google.com/url?sa=t&source=web&rct=j&url=https://apps4mac.com/samsung-flow-app-for-mac/&ved=2ahUKEwj2zsGmlILyAhWclEsFHbtiDT0QFjALegQIIRAC&usg=AOvVaw1sUVfohBPMF2cAi2TxRRA1,1,0,link
25746,25746,15619,7/3/2024,16:00:32,,https://symflower.com/en/company/blog/2023/how-to-write-junit-test-cases/images/general-process.svg,1,0,link
26974,26974,15157,7/1/2024,7:54:05,,https://github.dev/?redirect=%2FCITATS928%2FOldTexasCode2%2Fblob%2Fmaster%2FCodeSamples%2FcodeSamples%2FLinkedList.java&requestId=70c0e8c5-6c3d-4ce0-94ab-8cd16f14d464,1,0,form_submit
30660,30660,14088,6/24/2024,20:39:07,,https://auth0.openai.com/u/login/password?state=hKFo2SB4QTdGSE1OODJBekNxWlkzbjhyS1NBQUg1bDlVTVRkV6Fur3VuaXZlcnNhbC1sb2dpbqN0aWTZIFV2QzZDVzlpb19PSEpKNWZrZVZ3WjY5SnFTeEFfWWhVo2NpZNkgVGRKSWNiZTE2V29USHROOTVueXl3aDVFNHlPbzZJdEc,2,0,form_submit
30661,30661,14088,6/24/2024,20:39:00,,https://auth0.openai.com/u/login/password?state=hKFo2SB4QTdGSE1OODJBekNxWlkzbjhyS1NBQUg1bDlVTVRkV6Fur3VuaXZlcnNhbC1sb2dpbqN0aWTZIFV2QzZDVzlpb19PSEpKNWZrZVZ3WjY5SnFTeEFfWWhVo2NpZNkgVGRKSWNiZTE2V29USHROOTVueXl3aDVFNHlPbzZJdEc,2,0,link
31310,31310,13858,6/24/2024,11:05:28,,https://adoptium.net/zh-cn/,1,0,reload
32293,32293,734,6/19/2024,11:07:35,,https://www.bilibili.com/video/BV12S411N7Xe/?spm_id_from=333.1007.tianma.1-2-2.click,1,0,link
32429,32429,846,6/18/2024,23:51:20,,https://colonial.mgzephire.com/parkerportal/reportviewer.aspx?parmInvID=76934&parmParkerID=11224&Report=Invoice,2,0,link
32444,32444,846,6/18/2024,23:50:26,,https://colonial.mgzephire.com/parkerportal/reportviewer.aspx?parmInvID=76934&parmParkerID=11224&Report=Invoice,2,0,link
32587,32587,950,6/18/2024,20:21:13,,https://bungiestore.com/auth/index/emailentry,2,0,link
32588,32588,951,6/18/2024,20:21:13,,https://bungiestore.com/auth/index/redirect/?code=a30e8c9a3494d6e14f46e3f6614aa3a6&state=f3d721b60833bbea52a04a5d3456124c,1,0,form_submit
32621,32621,950,6/18/2024,19:26:11,,https://bungiestore.com/auth/index/emailentry,2,0,link
32622,32622,978,6/18/2024,19:26:10,,https://bungiestore.com/auth/index/redirect/?code=7e312c7714c0f2083f36df1f7ea92381&state=75d80c1ec4b949721a791ffa28406e86,1,0,form_submit
32636,32636,996,6/18/2024,19:21:53,,https://www.bilibili.com/video/BV1JM4m1S7fD/?p=10&spm_id_from=pageDriver,1,0,reload
33286,33286,1397,6/16/2024,23:50:13,,https://drive.google.com/file/u/0/d/1lNhicZdiirj7wOV2acVaLN6LutZNKACK/view?pli=1,1,0,reload
33515,33515,1521,6/14/2024,14:16:02,,https://www.google.com/search?q=node.js&oq=node&gs_lcrp=EgZjaHJvbWUqDggAEEUYJxg7GIAEGIoFMg4IABBFGCcYOxiABBiKBTIMCAEQRRg5GLEDGIAEMgoIAhAAGLEDGIAEMg0IAxAAGIMBGLEDGIAEMgYIBBBFGD0yBggFEEUYPTIGCAYQRRg9Mg0IBxAAGIMBGLEDGIAEMg0ICBAAGIMBGLEDGIAEMgoICRAAGLEDGIAEMgoIChAAGLEDGIAEMg0ICxAAGIMBGLEDGIAEMgcIDBAAGIAEMgcIDRAAGIAEMhAIDhAAGIMBGLEDGIAEGIoF0gEIMTM1M2owajeoAhSwAgE&client=ms-android-samsung-rvo1&sourceid=chrome-mobile&ie=UTF-8,1,0,reload
33869,33869,1761,6/12/2024,22:55:22,,https://login.jh.edu/idp/profile/Authn/SAML2/POST/SSO,1,0,form_submit
34179,34179,1944,6/11/2024,22:02:48,,https://lh-lvr.provenpixel.com/_x035d/plp.php?sigd=2560_1270_0_0_0_2560_1440.077783.sey30z&zoneid=7709&clickid=CA216657907&bidfloor=0.01&oadest=https%3A//www.gradimages.com/Registration,1,0,link
34710,34710,2308,6/11/2024,12:18:00,,http://hnd.albamo.eu.org/short/#1O0a068onx23lut0-5pthuy021zi00p0pick0o2n9c1,3,0,link
34711,34711,2308,6/11/2024,12:17:57,,http://hnd.albamo.eu.org/short/#1O0a068onx23lut0-5pthuy021zi00p0pick0o2n9c1,3,0,link
34712,34712,2308,6/11/2024,12:17:57,,http://hnd.albamo.eu.org/short/#1O0a068onx23lut0-5pthuy021zi00p0pick0o2n9c1,3,0,link
35248,35248,2499,6/8/2024,16:49:15,,https://x.com/,4,0,link
35252,35252,2499,6/8/2024,16:49:03,,https://x.com/,4,0,link
35253,35253,2499,6/8/2024,16:49:03,,https://x.com/,4,0,link
35254,35254,2499,6/8/2024,16:49:03,,https://x.com/,4,0,typed
35634,35634,2718,6/5/2024,14:30:23,,https://x.com/AlvinMicah5/status/1762796138321879402?lang=ja&mx=2,1,0,form_submit
36300,36300,3160,6/2/2024,8:32:23,,https://ess.erp.johnshopkins.edu/irj/portal/,6,0,form_submit
36301,36301,3161,6/2/2024,8:32:22,,https://ess.erp.johnshopkins.edu/saml2/sp/acs,3,0,form_submit
36318,36318,3160,6/2/2024,8:31:49,,https://ess.erp.johnshopkins.edu/irj/portal/,6,0,reload
36320,36320,3160,6/2/2024,1:35:02,,https://ess.erp.johnshopkins.edu/irj/portal/,6,0,form_submit
36321,36321,3161,6/2/2024,1:35:01,,https://ess.erp.johnshopkins.edu/saml2/sp/acs,3,0,form_submit
36337,36337,3160,6/2/2024,1:34:43,,https://ess.erp.johnshopkins.edu/irj/portal/,6,0,link
36341,36341,3160,6/2/2024,1:33:40,,https://ess.erp.johnshopkins.edu/irj/portal/,6,0,form_submit
36342,36342,3161,6/2/2024,1:33:40,,https://ess.erp.johnshopkins.edu/saml2/sp/acs,3,0,form_submit
36347,36347,3215,6/2/2024,1:32:32,,https://mysignins.microsoft.com/api/post/registrationinterrupt,2,0,form_submit
36349,36349,3217,6/2/2024,1:32:29,,https://account.activedirectory.windowsazure.com/proofup.aspx?culture=en-US,1,0,form_submit
36362,36362,3160,6/2/2024,1:32:09,,https://ess.erp.johnshopkins.edu/irj/portal/,6,0,link
36368,36368,3160,6/2/2024,1:30:14,,https://ess.erp.johnshopkins.edu/irj/portal/,6,0,link
36659,36659,3420,5/30/2024,19:15:24,,https://cbjq-content.xoyocdn.com/ob202307/webfile/mainland/update.html?platform=Android&channel=jinshan&subchannel=,1,0,link
36733,36733,3460,5/30/2024,13:15:08,,https://reg.rainfocus.com/surveys/rsac/us24/1706715084185001i4vI?eatid=dbba0384bbb84fbeb35433da5343af86f23e21729e8c7e40ec10a3ba9bcfbfcd5b780cf4,1,0,link
37302,37302,3775,5/26/2024,23:42:20,,https://www.google.com/search?q=%E7%AC%8B+%E7%84%AF%E6%B0%B4&oq=%E7%AC%8B+%E6%8A%84%E6%B0%B4&gs_lcrp=EgZjaHJvbWUqCQgBEAAYDRiABDIGCAAQRRg5MgkIARAAGA0YgAQyCggCEAAYgAQYogQyCggDEAAYgAQYogQyCggEEAAYgAQYogQyCggFEAAYgAQYogTSAQg2ODk5ajBqN6gCFLACAQ&client=ms-android-samsung-rvo1&sourceid=chrome-mobile&ie=UTF-8#ip=1,1,0,reload
37710,37710,4054,5/25/2024,15:06:26,,https://auth0.openai.com/u/login/identifier?state=hKFo2SBpYVlsWkdBUEozNGZDUGtPTzN0ek14UkllOHE2Y2JaVaFur3VuaXZlcnNhbC1sb2dpbqN0aWTZIDFnZlU0dUVkVllTVWlHUTF2RVhRSnNqdzRiUmV2WU85o2NpZNkgVGRKSWNiZTE2V29USHROOTVueXl3aDVFNHlPbzZJdEc,1,0,link
37809,37809,4131,5/24/2024,23:21:42,,https://manfrottoshuma.tmall.com/category-1711268612.htm?spm=a1z10.1-b-s.w5001-24858473827.6.37b47b5dYmUtUz&tsearch=y&scene=taobao_shop#TmshopSrchNav,1,0,link
